,titulo,localizacion,latitude,longitude,price,energy_certification,basic_characteristics,room_number,bath_number,has_garden,has_terrace,has_parking,has_swimmingpool,has_lift,constructed_area,is_new_development,is_needs_renovating,is_goog_condition
0,Chalet adosado en venta en Guadalmar,"Churriana, Málaga",36.6666382,-4.4645759,395000,inProcess,"{'roomNumber': '4', 'bathNumber': '3', 'hasParking': '1', 'hasGarden': '1', 'hasSwimmingPool': '1', 'hasTerrace': '1', 'constructedArea': '194'}",4,3,1,1,1,1,,194,0,0,1
1,Casa o chalet independiente en venta en calle Poseidón,"Churriana-El Pizarrillo-La Noria-Guadalsol, Málaga",36.6637191,-4.5038972,640000,inProcess,"{'roomNumber': '4', 'bathNumber': '2', 'hasParking': '1', 'hasGarden': '1', 'hasSwimmingPool': '1', 'hasTerrace': '1', 'constructedArea': '310'}",4,2,1,1,1,1,,310,0,0,1
2,Casa o chalet independiente en venta en calle Dolores Medio,"Cortijo de Maza-Finca Monsalvez-El Olivar, Málaga",36.6568935,-4.5029302,567000,inProcess,"{'roomNumber': '5', 'bathNumber': '4', 'hasParking': '0', 'hasGarden': '1', 'hasSwimmingPool': '1', 'hasTerrace': '1', 'constructedArea': '410'}",5,4,1,1,0,1,,410,0,0,1
3,"Ático en venta en calle Bangladesh, 25","Churriana-El Pizarrillo-La Noria-Guadalsol, Málaga",36.67119,-4.5169,375900,unknown,"{'roomNumber': '4', 'bathNumber': '2', 'hasLift': '1', 'hasParking': '1', 'hasGarden': '1', 'hasSwimmingPool': '1', 'hasTerrace': '1', 'constructedArea': '236'}",4,2,1,1,1,1,1,236,1,0,0
4,"Piso en venta en calle Bangladesh, 25","Churriana-El Pizarrillo-La Noria-Guadalsol, Málaga",36.67119,-4.5169,249900,unknown,"{'roomNumber': '2', 'bathNumber': '2', 'hasLift': '1', 'hasParking': '1', 'hasGarden': '0', 'hasSwimmingPool': '1', 'hasTerrace': '1', 'constructedArea': '150'}",2,2,0,1,1,1,1,150,1,0,0
5,"Piso en venta en calle Bangladesh, 25","Churriana-El Pizarrillo-La Noria-Guadalsol, Málaga",36.67119,-4.5169,230900,unknown,"{'roomNumber': '2', 'bathNumber': '2', 'hasLift': '1', 'hasParking': '1', 'hasGarden': '0', 'hasSwimmingPool': '1', 'hasTerrace': '1', 'constructedArea': '99'}",2,2,0,1,1,1,1,99,1,0,0
6,Casa o chalet en venta en Cortijo de Maza-Finca Monsalvez-El Olivar,"Churriana, Málaga",36.6510257,-4.4939618,795000,c,"{'roomNumber': '3', 'bathNumber': '4', 'hasParking': '1', 'hasGarden': '1', 'hasSwimmingPool': '1', 'hasTerrace': '1', 'constructedArea': '702'}",3,4,1,1,1,1,,702,0,1,0
7,Chalet adosado en venta en Churriana-El Pizarrillo-La Noria-Guadalsol,"Churriana, Málaga",36.6704273,-4.5071012,235000,e,"{'roomNumber': '3', 'bathNumber': '2', 'hasParking': '1', 'hasGarden': '0', 'hasSwimmingPool': '1', 'hasTerrace': '0', 'constructedArea': '149'}",3,2,0,0,1,1,,149,0,0,1
8,Casa o chalet independiente en venta en Cortijo de Maza-Finca Monsalvez-El Olivar,"Churriana, Málaga",36.654335,-4.4902179,690000,inProcess,"{'roomNumber': '5', 'bathNumber': '4', 'hasParking': '1', 'hasGarden': '1', 'hasSwimmingPool': '1', 'hasTerrace': '1', 'constructedArea': '649'}",5,4,1,1,1,1,,649,0,0,1
9,Chalet adosado en venta en Churriana-El Pizarrillo-La Noria-Guadalsol,"Churriana, Málaga",36.6594221,-4.4961917,371000,inProcess,"{'roomNumber': '3', 'bathNumber': '3', 'hasParking': '1', 'hasSwimmingPool': '1', 'hasTerrace': '1', 'constructedArea': '152'}",3,3,,1,1,1,,152,0,0,1
10,"Chalet adosado en venta en Urb. PRIVADA CON PISCINA, Guadalmar","Churriana, Málaga",36.6695382,-4.4631759,395000,d,"{'roomNumber': '4', 'bathNumber': '3', 'hasParking': '1', 'hasGarden': '1', 'hasSwimmingPool': '1', 'hasTerrace': '1', 'constructedArea': '152'}",4,3,1,1,1,1,,152,0,0,1
11,Casa o chalet independiente en venta en Platero - El Limón,Alhaurín de la Torre,36.6567909,-4.5700259,595000,inProcess,"{'roomNumber': '5', 'bathNumber': '3', 'hasParking': '1', 'hasGarden': '1', 'hasSwimmingPool': '1', 'hasTerrace': '1', 'constructedArea': '338'}",5,3,1,1,1,1,,338,0,0,1
12,"Casa o chalet independiente en venta en avenida Ricardo Gross, 5","Cortijo de Maza-Finca Monsalvez-El Olivar, Málaga",36.65266,-4.49263,995000,a,"{'roomNumber': '4', 'bathNumber': '4', 'hasParking': '1', 'hasGarden': '1', 'hasSwimmingPool': '1', 'hasTerrace': '1', 'constructedArea': '265'}",4,4,1,1,1,1,,265,0,0,1
13,"Casa o chalet independiente en venta en avenida María de Orueta, 25","Cortijo de Maza-Finca Monsalvez-El Olivar, Málaga",36.6523064,-4.4911891,625000,d,"{'roomNumber': '4', 'bathNumber': '3', 'hasParking': '1', 'hasGarden': '1', 'hasTerrace': '1', 'constructedArea': '298'}",4,3,1,1,1,,,298,0,0,1
14,Dúplex en venta en calle Periodista Juan Antonio Rando,"Churriana-El Pizarrillo-La Noria-Guadalsol, Málaga",36.6627194,-4.5008034,450000,g,"{'roomNumber': '7', 'bathNumber': '3', 'hasLift': '1', 'hasParking': '1', 'hasGarden': '1', 'hasSwimmingPool': '1', 'hasTerrace': '1', 'constructedArea': '133'}",7,3,1,1,1,1,1,133,0,0,1
15,"Chalet adosado en venta en calle Josefa Morales, 39","Churriana-El Pizarrillo-La Noria-Guadalsol, Málaga",36.6712556,-4.5088488,256500,d,"{'roomNumber': '3', 'bathNumber': '1', 'hasTerrace': '1', 'constructedArea': '179'}",3,1,,1,,,,179,0,0,1
16,"Casa o chalet en venta en carretera Coín, 108","Churriana-El Pizarrillo-La Noria-Guadalsol, Málaga",36.6617978,-4.5131005,422500,unknown,"{'roomNumber': '5', 'bathNumber': '3', 'hasSwimmingPool': '1', 'constructedArea': '257'}",5,3,,,,1,,257,0,0,1
17,"Casa o chalet independiente en venta en carril LA GAYUMBA, 2","Cortijo de Maza-Finca Monsalvez-El Olivar, Málaga",36.6522271,-4.4896939,1399000,e,"{'roomNumber': '8', 'bathNumber': '6', 'hasParking': '1', 'hasGarden': '1', 'hasSwimmingPool': '1', 'hasTerrace': '1', 'constructedArea': '290'}",8,6,1,1,1,1,,290,0,0,1
18,"Chalet adosado en venta en C. Josefa Morales, 39","Churriana-El Pizarrillo-La Noria-Guadalsol, Málaga",36.6712556,-4.5088488,256500,e,"{'roomNumber': '4', 'bathNumber': '2', 'hasTerrace': '1', 'constructedArea': '153'}",4,2,,1,,,,153,0,1,0
19,"Piso en venta en calle Mercedes Formica, 12","Cortijo de Maza-Finca Monsalvez-El Olivar, Málaga",36.6598242,-4.5041845,291800,e,"{'roomNumber': '3', 'bathNumber': '2', 'hasLift': '1', 'hasParking': '1', 'hasGarden': '1', 'hasSwimmingPool': '1', 'hasTerrace': '1', 'constructedArea': '116'}",3,2,1,1,1,1,1,116,0,0,1
20,"Piso en venta en avenida SAN JAVIER, 65","Churriana-El Pizarrillo-La Noria-Guadalsol, Málaga",36.6633251,-4.4984817,235000,e,"{'roomNumber': '3', 'bathNumber': '2', 'hasLift': '1', 'hasParking': '1', 'hasGarden': '1', 'hasSwimmingPool': '1', 'hasTerrace': '1', 'constructedArea': '102'}",3,2,1,1,1,1,1,102,0,0,1
21,"Piso en venta en C/HESPERIDES, 17","Guadalmar, Málaga",36.663755,-4.4610281,262181,e,"{'roomNumber': '2', 'bathNumber': '1', 'hasLift': '1', 'constructedArea': '103'}",2,1,,,,,1,103,0,0,1
22,Casa o chalet independiente en venta en calle Dolores Medio,"Cortijo de Maza-Finca Monsalvez-El Olivar, Málaga",36.6575706,-4.5026624,567000,inProcess,"{'roomNumber': '5', 'bathNumber': '4', 'hasParking': '0', 'hasGarden': '1', 'hasSwimmingPool': '1', 'hasTerrace': '1', 'constructedArea': '410'}",5,4,1,1,0,1,,410,0,0,1
23,"Piso en venta en avenida Avenida de Velázquez, 56","La Luz, Málaga",36.6967119,-4.4499633,273100,c,"{'roomNumber': '3', 'bathNumber': '2', 'hasLift': '1', 'hasParking': '1', 'hasGarden': '0', 'hasSwimmingPool': '1', 'hasTerrace': '1', 'constructedArea': '101'}",3,2,0,1,1,1,1,101,1,0,0
24,"Piso en venta en avenida Avenida de Velázquez, 56","La Luz, Málaga",36.6967119,-4.4499633,246300,c,"{'roomNumber': '2', 'bathNumber': '2', 'hasLift': '1', 'hasParking': '1', 'hasGarden': '0', 'hasSwimmingPool': '1', 'hasTerrace': '1', 'constructedArea': '83'}",2,2,0,1,1,1,1,83,1,0,0
25,"Chalet adosado en venta en calle Diario Malagueño, 1","Churriana-El Pizarrillo-La Noria-Guadalsol, Málaga",36.6686969,-4.5119353,320000,unknown,"{'roomNumber': '4', 'bathNumber': '2', 'hasParking': '1', 'hasGarden': '0', 'hasSwimmingPool': '1', 'hasTerrace': '1', 'constructedArea': '160'}",4,2,0,1,1,1,,160,0,0,1
26,Chalet adosado en venta en calle Torremolinos s/n,"Churriana-El Pizarrillo-La Noria-Guadalsol, Málaga",36.6645609,-4.5046185,275730,d,"{'roomNumber': '3', 'bathNumber': '2', 'hasGarden': '1', 'hasTerrace': '1', 'constructedArea': '115'}",3,2,1,1,,,,115,0,0,1
27,Chalet pareado en venta en CL CAMPILLOS 2 29120 ALHAURIN EL GRANDE s/n,"Centro, Alhaurín el Grande",36.6412735,-4.6863278,135000,inProcess,"{'roomNumber': '3', 'bathNumber': '1', 'hasTerrace': '1', 'constructedArea': '80'}",3,1,,1,,,,80,0,0,1
28,"Casa o chalet independiente en venta en calle Reserva, 8","Pinos de Alhaurín, Alhaurín de la Torre",36.6589208,-4.5786768,2706000,f,"{'roomNumber': '8', 'bathNumber': '8', 'hasParking': '1', 'hasGarden': '1', 'hasSwimmingPool': '1', 'hasTerrace': '1', 'constructedArea': '2500'}",8,8,1,1,1,1,,2500,0,0,1
29,"Casa o chalet independiente en venta en avenida Marquesa Casa Loring, 25","Cortijo de Maza-Finca Monsalvez-El Olivar, Málaga",36.6513777,-4.4926351,795000,d,"{'roomNumber': '5', 'bathNumber': '5', 'hasParking': '1', 'hasGarden': '1', 'hasSwimmingPool': '1', 'hasTerrace': '1', 'constructedArea': '407'}",5,5,1,1,1,1,,407,0,0,1
30,"Casa o chalet independiente en venta en calle Isabel Barreto, 15","Cortijo de Maza-Finca Monsalvez-El Olivar, Málaga",36.6599641,-4.5036408,1148000,f,"{'roomNumber': '5', 'bathNumber': '4', 'hasParking': '1', 'hasGarden': '1', 'hasSwimmingPool': '0', 'hasTerrace': '1', 'constructedArea': '650'}",5,4,1,1,1,0,,650,0,0,1
31,"Piso en venta en avenida Avenida de Velázquez, 56","La Luz, Málaga",36.6967119,-4.4499633,436700,c,"{'roomNumber': '4', 'bathNumber': '2', 'hasLift': '1', 'hasParking': '1', 'hasGarden': '0', 'hasSwimmingPool': '1', 'hasTerrace': '1', 'constructedArea': '151'}",4,2,0,1,1,1,1,151,1,0,0
32,Piso en venta en Cortijo de Maza-Finca Monsalvez-El Olivar,"Churriana, Málaga",36.6595179,-4.5050633,291800,inProcess,"{'roomNumber': '3', 'bathNumber': '2', 'hasLift': '1', 'hasParking': '1', 'hasGarden': '1', 'hasSwimmingPool': '1', 'hasTerrace': '1', 'constructedArea': '118'}",3,2,1,1,1,1,1,118,0,0,1
33,Casa o chalet independiente en venta en calle Figurillas,"Cortijo de Maza-Finca Monsalvez-El Olivar, Málaga",36.6543062,-4.4966166,790000,e,"{'roomNumber': '4', 'bathNumber': '2', 'hasParking': '1', 'hasGarden': '1', 'hasSwimmingPool': '1', 'hasTerrace': '1', 'constructedArea': '255'}",4,2,1,1,1,1,,255,0,0,1
34,Chalet adosado en venta en calle Malasia s/n,"Churriana-El Pizarrillo-La Noria-Guadalsol, Málaga",36.6707764,-4.5164089,320000,b,"{'roomNumber': '3', 'bathNumber': '3', 'hasParking': '1', 'hasGarden': '0', 'hasSwimmingPool': '1', 'hasTerrace': '1', 'constructedArea': '140'}",3,3,0,1,1,1,,140,0,0,1
35,Casa o chalet independiente en venta en Av. Asunción,"Cortijo de Maza-Finca Monsalvez-El Olivar, Málaga",36.6536297,-4.4921254,795000,a,"{'roomNumber': '5', 'bathNumber': '5', 'hasParking': '1', 'hasGarden': '1', 'hasSwimmingPool': '1', 'hasTerrace': '1', 'constructedArea': '407'}",5,5,1,1,1,1,,407,0,1,0
36,Piso en venta en calle Mercedes Formica,"Cortijo de Maza-Finca Monsalvez-El Olivar, Málaga",36.6576179,-4.5050633,297100,d,"{'roomNumber': '3', 'bathNumber': '2', 'hasLift': '1', 'hasParking': '1', 'hasGarden': '1', 'hasSwimmingPool': '1', 'hasTerrace': '1', 'constructedArea': '156'}",3,2,1,1,1,1,1,156,0,0,1
37,Casa o chalet independiente en venta en avenida Asunción,"Cortijo de Maza-Finca Monsalvez-El Olivar, Málaga",36.654368,-4.4935667,790000,c,"{'roomNumber': '5', 'bathNumber': '3', 'hasParking': '1', 'hasGarden': '1', 'hasSwimmingPool': '1', 'hasTerrace': '1', 'constructedArea': '440'}",5,3,1,1,1,1,,440,0,0,1
38,Chalet adosado en venta en Churriana-El Pizarrillo-La Noria-Guadalsol,"Churriana, Málaga",36.6634024,-4.4985914,205000,e,"{'roomNumber': '3', 'bathNumber': '1', 'hasParking': '1', 'hasTerrace': '1', 'constructedArea': '130'}",3,1,,1,1,,,130,0,0,1
39,"Casa o chalet independiente en venta en calle Isabel Barreto, 15","Cortijo de Maza-Finca Monsalvez-El Olivar, Málaga",36.6599712,-4.503655,1148000,f,"{'roomNumber': '6', 'bathNumber': '6', 'hasParking': '1', 'hasGarden': '1', 'hasTerrace': '1', 'constructedArea': '650'}",6,6,1,1,1,,,650,0,0,1
40,Piso en venta en calle Moby Dick,"Guadalmar, Málaga",36.665484,-4.4593381,249900,unknown,"{'roomNumber': '3', 'bathNumber': '1', 'hasLift': '1', 'hasParking': '1', 'hasGarden': '1', 'hasSwimmingPool': '1', 'hasTerrace': '1', 'constructedArea': '83'}",3,1,1,1,1,1,1,83,0,0,1
41,"Piso en venta en calle Mercedes Formica, 12","Cortijo de Maza-Finca Monsalvez-El Olivar, Málaga",36.6598242,-4.5041845,297100,e,"{'roomNumber': '3', 'bathNumber': '2', 'hasLift': '1', 'hasParking': '1', 'hasGarden': '1', 'hasSwimmingPool': '1', 'hasTerrace': '1', 'constructedArea': '118'}",3,2,1,1,1,1,1,118,0,0,1
42,Casa o chalet independiente en venta en calle Fresnos de Guadalmar,"Guadalmar, Málaga",36.666543,-4.4609756,779000,inProcess,"{'roomNumber': '4', 'bathNumber': '3', 'hasParking': '1', 'hasGarden': '1', 'hasSwimmingPool': '1', 'constructedArea': '230'}",4,3,1,,1,1,,230,0,0,1
43,Chalet adosado en venta en calle Ernesto Kusche,"Churriana-El Pizarrillo-La Noria-Guadalsol, Málaga",36.6616864,-4.4983251,367000,d,"{'roomNumber': '4', 'bathNumber': '3', 'hasParking': '1', 'hasGarden': '1', 'hasSwimmingPool': '1', 'hasTerrace': '1', 'constructedArea': '195'}",4,3,1,1,1,1,,195,0,0,1
44,Dúplex en venta en REAL DE MÁLAGA,"San Francisco - El Chorrillo, Las Gabias",37.1328,-3.66879,129900,inProcess,"{'roomNumber': '4', 'bathNumber': '2', 'hasLift': '1', 'hasTerrace': '1', 'constructedArea': '115'}",4,2,,1,,,1,115,0,0,1
45,Chalet adosado en venta en RIBERA,"San Francisco - El Chorrillo, Las Gabias",37.1329055,-3.6706027,179999,inProcess,"{'roomNumber': '4', 'bathNumber': '2', 'hasParking': '1', 'hasGarden': '1', 'hasSwimmingPool': '1', 'hasTerrace': '1', 'constructedArea': '230'}",4,2,1,1,1,1,,230,0,0,1
46,Chalet adosado en venta en Cortijo de Maza-Finca Monsalvez-El Olivar,"Churriana, Málaga",36.6469253,-4.5018207,182100,inProcess,"{'roomNumber': '3', 'bathNumber': '1', 'hasParking': '0', 'hasTerrace': '1', 'constructedArea': '83'}",3,1,,1,0,,,83,0,1,0
47,"Piso en venta en calle Rogelio Oliva, 11","Guadalmar, Málaga",36.6638777,-4.4607722,262181,f,"{'roomNumber': '2', 'bathNumber': '1', 'hasLift': '1', 'hasParking': '0', 'hasGarden': '1', 'hasSwimmingPool': '1', 'constructedArea': '108'}",2,1,1,,0,1,1,108,0,0,1
48,Casa o chalet independiente en venta en Cortijo de Maza-Finca Monsalvez-El Olivar,"Churriana, Málaga",36.6507172,-4.4980983,900000,inProcess,"{'roomNumber': '6', 'bathNumber': '4', 'hasParking': '1', 'hasGarden': '1', 'hasSwimmingPool': '1', 'hasTerrace': '1', 'constructedArea': '384'}",6,4,1,1,1,1,,384,0,1,0
49,Piso en venta en Churriana-El Pizarrillo-La Noria-Guadalsol,"Churriana, Málaga",36.6659889,-4.5149367,182000,inProcess,"{'roomNumber': '1', 'bathNumber': '1', 'hasLift': '1', 'hasParking': '1', 'hasGarden': '1', 'hasSwimmingPool': '1', 'hasTerrace': '1', 'constructedArea': '55'}",1,1,1,1,1,1,1,55,0,0,1
50,Finca rústica en venta en Pinos de Alhaurín,Alhaurín de la Torre,36.6597396,-4.5822228,210000,inProcess,"{'roomNumber': '1', 'bathNumber': '1', 'hasParking': '0', 'hasGarden': '1', 'hasSwimmingPool': '1', 'constructedArea': '65'}",1,1,1,,0,1,,65,0,0,1
51,Piso en venta en Cortijo de Maza-Finca Monsalvez-El Olivar,"Churriana, Málaga",36.660146,-4.4978386,235000,inProcess,"{'roomNumber': '3', 'bathNumber': '2', 'hasLift': '1', 'hasParking': '1', 'hasGarden': '1', 'hasSwimmingPool': '1', 'constructedArea': '89'}",3,2,1,,1,1,1,89,0,0,1
52,Casa o chalet independiente en venta en avenida Ricardo Gross,"Cortijo de Maza-Finca Monsalvez-El Olivar, Málaga",36.6548086,-4.4900614,790000,d,"{'roomNumber': '5', 'bathNumber': '3', 'hasParking': '1', 'hasGarden': '1', 'hasSwimmingPool': '1', 'hasTerrace': '1', 'constructedArea': '440'}",5,3,1,1,1,1,,440,0,0,1
53,Casa o chalet independiente en venta en avenida Ricardo Gross,"Cortijo de Maza-Finca Monsalvez-El Olivar, Málaga",36.653835,-4.4919179,790000,g,"{'roomNumber': '5', 'bathNumber': '3', 'hasParking': '1', 'hasGarden': '1', 'hasSwimmingPool': '1', 'hasTerrace': '1', 'constructedArea': '360'}",5,3,1,1,1,1,,360,0,0,1
54,Chalet adosado en venta en Churriana-El Pizarrillo-La Noria-Guadalsol,"Churriana, Málaga",36.6633891,-4.4988999,299990,e,"{'roomNumber': '4', 'bathNumber': '3', 'hasParking': '1', 'hasGarden': '0', 'hasSwimmingPool': '0', 'hasTerrace': '0', 'constructedArea': '213'}",4,3,0,0,1,0,,213,0,0,1
55,Piso en venta en Churriana-El Pizarrillo-La Noria-Guadalsol,"Churriana, Málaga",36.6613088,-4.4990457,250000,f,"{'roomNumber': '2', 'bathNumber': '1', 'hasLift': '1', 'hasParking': '1', 'hasGarden': '1', 'hasSwimmingPool': '1', 'hasTerrace': '1', 'constructedArea': '109'}",2,1,1,1,1,1,1,109,0,0,1
56,Chalet adosado en venta en Churriana-El Pizarrillo-La Noria-Guadalsol,"Churriana, Málaga",36.6695723,-4.5186574,320000,a,"{'roomNumber': '3', 'bathNumber': '3', 'hasParking': '0', 'hasGarden': '0', 'hasSwimmingPool': '1', 'hasTerrace': '1', 'constructedArea': '161'}",3,3,0,1,0,1,,161,0,0,1
57,Casa o chalet independiente en venta en antequera,"Pinos de Alhaurín, Alhaurín de la Torre",36.6450558,-4.5901766,550000,inProcess,"{'roomNumber': '4', 'bathNumber': '4', 'hasParking': '1', 'hasGarden': '1', 'hasSwimmingPool': '1', 'hasTerrace': '1', 'constructedArea': '280'}",4,4,1,1,1,1,,280,0,0,1
58,Casa o chalet independiente en venta en CORTIJO MAZA,"Cortijo de Maza-Finca Monsalvez-El Olivar, Málaga",36.6463857,-4.5002249,639000,e,"{'roomNumber': '3', 'bathNumber': '2', 'hasParking': '1', 'hasGarden': '1', 'hasSwimmingPool': '0', 'hasTerrace': '1', 'constructedArea': '298'}",3,2,1,1,1,0,,298,0,0,1
59,Chalet adosado en venta en calle Angola s/n,"Churriana-El Pizarrillo-La Noria-Guadalsol, Málaga",36.6632566,-4.5192925,330000,inProcess,"{'roomNumber': '3', 'bathNumber': '4', 'hasParking': '1', 'hasGarden': '1', 'hasSwimmingPool': '1', 'hasTerrace': '1', 'constructedArea': '239'}",3,4,1,1,1,1,,239,0,0,1
60,Casa o chalet independiente en venta en calle Acacias de Guadalmar,"Guadalmar, Málaga",36.6675775,-4.4623495,1500000,d,"{'roomNumber': '5', 'bathNumber': '6', 'hasParking': '1', 'hasGarden': '1', 'hasSwimmingPool': '1', 'hasTerrace': '1', 'constructedArea': '600'}",5,6,1,1,1,1,,600,0,0,1
61,Piso en venta en avenida ANDALUCIA,"San Francisco - El Chorrillo, Las Gabias",37.1311247,-3.6723631,54900,inProcess,"{'roomNumber': '1', 'bathNumber': '1', 'hasLift': '1', 'hasParking': '1', 'constructedArea': '53'}",1,1,,,1,,1,53,0,0,1
62,"Casa o chalet independiente en venta en carril de Mestanza, 50","El Romeral-Peñón de Zapata, Alhaurín de la Torre",36.6955102,-4.5546675,425000,inProcess,"{'roomNumber': '4', 'bathNumber': '3', 'hasParking': '1', 'hasGarden': '1', 'hasSwimmingPool': '1', 'hasTerrace': '1', 'constructedArea': '230'}",4,3,1,1,1,1,,230,0,0,1
63,Casa o chalet independiente en venta en Churriana-El Pizarrillo-La Noria-Guadalsol,"Churriana, Málaga",36.6656448,-4.472338,410000,e,"{'roomNumber': '8', 'bathNumber': '4', 'hasParking': '1', 'hasGarden': '1', 'hasSwimmingPool': '0', 'hasTerrace': '1', 'constructedArea': '210'}",8,4,1,1,1,0,,210,0,0,1
64,Casa o chalet independiente en venta en Cortijo de Maza-Finca Monsalvez-El Olivar,"Churriana, Málaga",36.6495488,-4.4888463,895000,inProcess,"{'roomNumber': '4', 'bathNumber': '4', 'hasParking': '1', 'hasGarden': '1', 'hasSwimmingPool': '1', 'hasTerrace': '1', 'constructedArea': '500'}",4,4,1,1,1,1,,500,0,0,1
65,Piso en venta en avenida de Velázquez,"Los Guindos - Parque Mediterráneo - Santa Paula, Málaga",36.6988581,-4.4476889,249900,unknown,"{'roomNumber': '2', 'bathNumber': '1', 'hasLift': '1', 'hasParking': '0', 'hasGarden': '0', 'hasSwimmingPool': '0', 'hasTerrace': '1', 'constructedArea': '80'}",2,1,0,1,0,0,1,80,0,0,1
66,Piso en venta en avenida de San Javier,"Churriana-El Pizarrillo-La Noria-Guadalsol, Málaga",36.6648899,-4.4972496,249000,inProcess,"{'roomNumber': '3', 'bathNumber': '2', 'hasLift': '1', 'hasParking': '0', 'hasGarden': '1', 'hasSwimmingPool': '1', 'hasTerrace': '1', 'constructedArea': '106'}",3,2,1,1,0,1,1,106,0,0,1
67,Piso en venta en Churriana-El Pizarrillo-La Noria-Guadalsol,"Churriana, Málaga",36.6652929,-4.4998666,223000,e,"{'roomNumber': '3', 'bathNumber': '2', 'hasLift': '1', 'hasParking': '1', 'hasGarden': '1', 'hasSwimmingPool': '1', 'hasTerrace': '1', 'constructedArea': '102'}",3,2,1,1,1,1,1,102,0,0,1
68,Chalet adosado en venta en Churriana-El Pizarrillo-La Noria-Guadalsol,"Churriana, Málaga",36.6723596,-4.5069099,235000,inProcess,"{'roomNumber': '3', 'bathNumber': '2', 'hasParking': '1', 'hasGarden': '1', 'hasSwimmingPool': '1', 'hasTerrace': '1', 'constructedArea': '120'}",3,2,1,1,1,1,,120,0,0,1
69,"Chalet adosado en venta en calle Alberto Peláez Domínguez, 16","Churriana-El Pizarrillo-La Noria-Guadalsol, Málaga",36.6656226,-4.4995242,298000,e,"{'roomNumber': '4', 'bathNumber': '2', 'hasParking': '1', 'hasGarden': '0', 'hasSwimmingPool': '1', 'hasTerrace': '1', 'constructedArea': '231'}",4,2,0,1,1,1,,231,0,0,1
70,Piso en venta en La Luz,"Carretera de Cádiz, Málaga",36.69337,-4.45395,139900,e,"{'roomNumber': '3', 'bathNumber': '1', 'hasLift': '1', 'hasParking': '0', 'hasGarden': '0', 'hasSwimmingPool': '0', 'hasTerrace': '0', 'constructedArea': '76'}",3,1,0,0,0,0,1,76,0,0,1
71,Chalet adosado en venta en calle Portales del Popo,"Churriana-El Pizarrillo-La Noria-Guadalsol, Málaga",36.6722374,-4.5054086,172000,unknown,"{'roomNumber': '2', 'bathNumber': '2', 'hasTerrace': '1', 'constructedArea': '86'}",2,2,,1,,,,86,0,0,1
72,Casa o chalet independiente en venta en Churriana-El Pizarrillo-La Noria-Guadalsol,"Churriana, Málaga",36.6638147,-4.5058824,5000000,c,"{'roomNumber': '11', 'bathNumber': '6', 'hasParking': '1', 'hasGarden': '1', 'hasSwimmingPool': '1', 'hasTerrace': '1', 'constructedArea': '1600'}",11,6,1,1,1,1,,1600,0,0,1
73,Piso en venta en avenida de velazquez,"Girón - Las Delicias - Pacífico, Málaga",36.6983376,-4.4455878,180000,inProcess,"{'roomNumber': '2', 'bathNumber': '1', 'hasLift': '1', 'constructedArea': '75'}",2,1,,,,,1,75,0,0,1
74,Casa o chalet independiente en venta en calle Acacias de Guadalmar,"Guadalmar, Málaga",36.6674775,-4.4605495,1500000,c,"{'roomNumber': '4', 'bathNumber': '5', 'hasParking': '1', 'hasGarden': '1', 'hasSwimmingPool': '1', 'hasTerrace': '1', 'constructedArea': '620'}",4,5,1,1,1,1,,620,0,0,1
75,Chalet adosado en venta en Churriana-El Pizarrillo-La Noria-Guadalsol,"Churriana, Málaga",36.672398,-4.5068266,318500,g,"{'roomNumber': '4', 'bathNumber': '2', 'hasParking': '1', 'hasGarden': '1', 'hasSwimmingPool': '1', 'hasTerrace': '1', 'constructedArea': '180'}",4,2,1,1,1,1,,180,0,0,1
76,Piso en venta en avenida de Velázquez,"Girón - Las Delicias - Pacífico, Málaga",36.6991275,-4.4459164,160000,inProcess,"{'roomNumber': '3', 'bathNumber': '1', 'hasLift': '1', 'constructedArea': '80'}",3,1,,,,,1,80,0,0,1
77,Chalet adosado en venta en calle del Escritor Béjar Zambrana,"Churriana-El Pizarrillo-La Noria-Guadalsol, Málaga",36.6594796,-4.4953536,370000,c,"{'roomNumber': '3', 'bathNumber': '3', 'hasParking': '1', 'hasGarden': '1', 'hasSwimmingPool': '1', 'hasTerrace': '1', 'constructedArea': '198'}",3,3,1,1,1,1,,198,0,0,1
78,"Chalet adosado en venta en calle Maestro Vicente Lleó, 10","Churriana-El Pizarrillo-La Noria-Guadalsol, Málaga",36.6643215,-4.5000073,205000,e,"{'roomNumber': '3', 'bathNumber': '1', 'hasParking': '1', 'hasGarden': '0', 'hasSwimmingPool': '0', 'hasTerrace': '1', 'constructedArea': '67'}",3,1,0,1,1,0,,67,0,1,0
79,"Ático en venta en calle Tanzania, 3","Churriana-El Pizarrillo-La Noria-Guadalsol, Málaga",36.6620559,-4.5186553,350000,unknown,"{'roomNumber': '3', 'bathNumber': '2', 'hasLift': '1', 'hasParking': '1', 'hasGarden': '1', 'hasSwimmingPool': '1', 'hasTerrace': '1', 'constructedArea': '123'}",3,2,1,1,1,1,1,123,0,0,1
80,"Casa o chalet independiente en venta en camino de la Sierra, 64","Cortijo de Maza-Finca Monsalvez-El Olivar, Málaga",36.654312,-4.5117104,640000,unknown,"{'roomNumber': '4', 'bathNumber': '5', 'hasParking': '1', 'hasGarden': '1', 'hasSwimmingPool': '1', 'hasTerrace': '1', 'constructedArea': '300'}",4,5,1,1,1,1,,300,0,0,1
81,Piso en venta en calle Heliomar,"Churriana-El Pizarrillo-La Noria-Guadalsol, Málaga",36.6607864,-4.503071,157500,inProcess,"{'roomNumber': '3', 'bathNumber': '1', 'hasLift': '1', 'hasParking': '0', 'hasGarden': '1', 'hasSwimmingPool': '1', 'hasTerrace': '1', 'constructedArea': '68'}",3,1,1,1,0,1,1,68,0,0,1
82,Casa o chalet independiente en venta en camino Agropecuario de Realenga,"Cortijo de Maza-Finca Monsalvez-El Olivar, Málaga",36.6524475,-4.490088,725000,inProcess,"{'roomNumber': '5', 'bathNumber': '3', 'hasParking': '1', 'hasGarden': '1', 'hasTerrace': '1', 'constructedArea': '278'}",5,3,1,1,1,,,278,0,0,1
83,Chalet adosado en venta en Churriana-El Pizarrillo-La Noria-Guadalsol,"Churriana, Málaga",36.6626183,-4.5026068,299000,e,"{'roomNumber': '3', 'bathNumber': '2', 'hasParking': '1', 'hasGarden': '0', 'hasSwimmingPool': '0', 'hasTerrace': '1', 'constructedArea': '150'}",3,2,0,1,1,0,,150,0,0,1
84,Ático en venta en calle Acacias de Guadalmar,"Guadalmar, Málaga",36.6631287,-4.4561357,430000,a,"{'roomNumber': '3', 'bathNumber': '2', 'hasLift': '1', 'hasParking': '1', 'hasTerrace': '1', 'constructedArea': '160'}",3,2,,1,1,,1,160,0,0,1
85,Piso en venta en La Luz,"Carretera de Cádiz, Málaga",36.6972921,-4.4511214,162000,unknown,"{'roomNumber': '3', 'bathNumber': '1', 'hasLift': '1', 'hasParking': '0', 'hasGarden': '0', 'hasSwimmingPool': '0', 'hasTerrace': '1', 'constructedArea': '74'}",3,1,0,1,0,0,1,74,0,0,1
86,"Chalet adosado en venta en pasaje Mari-Gaila, 8","Guadalmar, Málaga",36.6676778,-4.4653004,395000,unknown,"{'roomNumber': '4', 'bathNumber': '3', 'hasParking': '1', 'hasGarden': '1', 'hasSwimmingPool': '1', 'hasTerrace': '1', 'constructedArea': '194'}",4,3,1,1,1,1,,194,0,0,1
87,"Casa o chalet independiente en venta en carretera Coín, 29","Cortijo de Maza-Finca Monsalvez-El Olivar, Málaga",36.659266,-4.4937989,860000,unknown,"{'roomNumber': '5', 'bathNumber': '2', 'hasParking': '1', 'hasGarden': '1', 'hasSwimmingPool': '0', 'hasTerrace': '1', 'constructedArea': '223'}",5,2,1,1,1,0,,223,0,0,1
88,Casa o chalet independiente en venta en calle del Escritor Béjar Zambrana,"Churriana-El Pizarrillo-La Noria-Guadalsol, Málaga",36.6618741,-4.495526,360000,c,"{'roomNumber': '4', 'bathNumber': '3', 'hasParking': '1', 'hasGarden': '1', 'hasSwimmingPool': '1', 'hasTerrace': '1', 'constructedArea': '220'}",4,3,1,1,1,1,,220,0,0,1
89,Casa o chalet independiente en venta en Guadalmar,"Churriana, Málaga",36.6645775,-4.4600495,1500000,inProcess,"{'roomNumber': '4', 'bathNumber': '6', 'hasParking': '1', 'hasGarden': '1', 'hasSwimmingPool': '1', 'hasTerrace': '1', 'constructedArea': '630'}",4,6,1,1,1,1,,630,0,0,1
90,Casa o chalet independiente en venta en Cortijo de Maza-Finca Monsalvez-El Olivar,"Churriana, Málaga",36.652233,-4.49582,639000,e,"{'roomNumber': '3', 'bathNumber': '2', 'hasParking': '1', 'hasGarden': '1', 'hasSwimmingPool': '0', 'hasTerrace': '1', 'constructedArea': '298'}",3,2,1,1,1,0,,298,0,0,1
91,"Casa o chalet independiente en venta en Urb. Guadalmar, Guadalmar","Churriana, Málaga",36.665476,-4.461655,1500000,c,"{'roomNumber': '4', 'bathNumber': '6', 'hasParking': '1', 'hasGarden': '1', 'hasSwimmingPool': '1', 'hasTerrace': '1', 'constructedArea': '710'}",4,6,1,1,1,1,,710,0,0,1
92,"Casa o chalet independiente en venta en Urb. churriana centro, Churriana-El Pizarrillo-La Noria-Guadalsol","Churriana, Málaga",36.6653113,-4.5052488,173000,unknown,"{'roomNumber': '2', 'bathNumber': '1', 'hasParking': '0', 'hasGarden': '0', 'hasSwimmingPool': '0', 'hasTerrace': '1', 'constructedArea': '91'}",2,1,0,1,0,0,,91,0,0,1
93,Casa o chalet independiente en venta en Churriana-El Pizarrillo-La Noria-Guadalsol,"Churriana, Málaga",36.6604195,-4.5190936,640000,inProcess,"{'roomNumber': '4', 'bathNumber': '2', 'hasParking': '1', 'hasGarden': '1', 'hasSwimmingPool': '1', 'hasTerrace': '1', 'constructedArea': '250'}",4,2,1,1,1,1,,250,0,0,1
94,"Dúplex en venta en calle Merlo, 27","Cruz del Humilladero - Los Tilos, Málaga",36.7143969,-4.4393075,340000,inProcess,"{'roomNumber': '3', 'bathNumber': '2', 'hasLift': '1', 'hasParking': '1', 'hasGarden': '0', 'hasSwimmingPool': '0', 'hasTerrace': '1', 'constructedArea': '76'}",3,2,0,1,1,0,1,76,0,0,1
95,"Chalet adosado en venta en calle Malasia, 37","Churriana-El Pizarrillo-La Noria-Guadalsol, Málaga",36.67104,-4.5181699,359000,c,"{'roomNumber': '4', 'bathNumber': '3', 'hasParking': '1', 'hasGarden': '1', 'hasSwimmingPool': '0', 'hasTerrace': '1', 'constructedArea': '190'}",4,3,1,1,1,0,,190,0,0,1
96,Casa o chalet independiente en venta en Cañada de Ceuta s/n,"Cortijo de Maza-Finca Monsalvez-El Olivar, Málaga",36.6470284,-4.5082433,700000,e,"{'roomNumber': '3', 'bathNumber': '2', 'hasParking': '1', 'hasGarden': '1', 'hasSwimmingPool': '1', 'hasTerrace': '1', 'constructedArea': '455'}",3,2,1,1,1,1,,455,0,0,1
97,"Chalet adosado en venta en calle del Escritor Béjar Zambrana, 3","Churriana-El Pizarrillo-La Noria-Guadalsol, Málaga",36.6611221,-4.4958917,360000,a,"{'roomNumber': '4', 'bathNumber': '3', 'hasParking': '1', 'hasGarden': '1', 'hasSwimmingPool': '1', 'hasTerrace': '1', 'constructedArea': '220'}",4,3,1,1,1,1,,220,0,0,1
98,"Casa o chalet independiente en venta en avenida Asunción, 3","Cortijo de Maza-Finca Monsalvez-El Olivar, Málaga",36.6538028,-4.4930439,700000,unknown,"{'roomNumber': '5', 'bathNumber': '3', 'hasParking': '1', 'hasGarden': '1', 'hasSwimmingPool': '1', 'hasTerrace': '1', 'constructedArea': '270'}",5,3,1,1,1,1,,270,0,0,1
99,"Chalet adosado en venta en calle Árbol Blanco, 55","Churriana-El Pizarrillo-La Noria-Guadalsol, Málaga",36.667023,-4.5010688,255000,e,"{'roomNumber': '3', 'bathNumber': '2', 'hasParking': '1', 'hasGarden': '0', 'hasSwimmingPool': '0', 'hasTerrace': '1', 'constructedArea': '178'}",3,2,0,1,1,0,,178,0,1,0
100,"Chalet pareado en venta en Urb. adelfamar , Churriana-El Pizarrillo-La Noria-Guadalsol","Churriana, Málaga",36.6713789,-4.5070138,310000,unknown,"{'roomNumber': '3', 'bathNumber': '3', 'hasParking': '1', 'hasGarden': '0', 'hasSwimmingPool': '0', 'hasTerrace': '1', 'constructedArea': '251'}",3,3,0,1,1,0,,251,0,0,1
101,"Piso en venta en avenida de San Javier, 67","Churriana-El Pizarrillo-La Noria-Guadalsol, Málaga",36.6633929,-4.4986666,240000,g,"{'roomNumber': '2', 'bathNumber': '1', 'hasLift': '1', 'hasParking': '1', 'hasGarden': '1', 'hasSwimmingPool': '1', 'hasTerrace': '1', 'constructedArea': '109'}",2,1,1,1,1,1,1,109,0,0,1
102,"Casa o chalet independiente en venta en calle Avempace, 10","Cortijo de Maza-Finca Monsalvez-El Olivar, Málaga",36.6485811,-4.5021544,270000,a,"{'roomNumber': '3', 'bathNumber': '2', 'hasParking': '1', 'hasGarden': '1', 'hasSwimmingPool': '1', 'hasTerrace': '1', 'constructedArea': '100'}",3,2,1,1,1,1,,100,0,0,1
103,"Piso en venta en calle Heliomar, 1","Churriana-El Pizarrillo-La Noria-Guadalsol, Málaga",36.661246,-4.5010769,190000,unknown,"{'roomNumber': '3', 'bathNumber': '1', 'hasLift': '1', 'hasParking': '0', 'hasGarden': '1', 'hasSwimmingPool': '1', 'hasTerrace': '1', 'constructedArea': '77'}",3,1,1,1,0,1,1,77,0,0,1
104,"Casa o chalet independiente en venta en Urb. El Olivar, Cortijo de Maza-Finca Monsalvez-El Olivar","Churriana, Málaga",36.6509694,-4.4934611,1975000,d,"{'roomNumber': '5', 'bathNumber': '7', 'hasParking': '1', 'hasGarden': '1', 'hasSwimmingPool': '1', 'hasTerrace': '1', 'constructedArea': '706'}",5,7,1,1,1,1,,706,0,0,1
105,"Piso en venta en Urb. PRIVADA, La Luz","Carretera de Cádiz, Málaga",36.6939299,-4.4588624,260000,d,"{'roomNumber': '3', 'bathNumber': '1', 'hasLift': '1', 'hasParking': '1', 'hasGarden': '1', 'constructedArea': '114'}",3,1,1,,1,,1,114,0,0,1
106,"Piso en venta en calle Decano Joaquín Wuester, 3","Churriana-El Pizarrillo-La Noria-Guadalsol, Málaga",36.6658835,-4.4731468,215000,f,"{'roomNumber': '3', 'bathNumber': '2', 'hasLift': '1', 'hasParking': '1', 'hasGarden': '0', 'hasSwimmingPool': '0', 'hasTerrace': '1', 'constructedArea': '85'}",3,2,0,1,1,0,1,85,0,0,1
107,Casa o chalet independiente en venta en calle Diputado Ignacio Huelin,"Cortijo de Maza-Finca Monsalvez-El Olivar, Málaga",36.6520052,-4.4983126,449900,inProcess,"{'roomNumber': '4', 'bathNumber': '3', 'hasParking': '0', 'hasGarden': '0', 'hasSwimmingPool': '0', 'hasTerrace': '0', 'constructedArea': '250'}",4,3,0,0,0,0,,250,0,0,1
108,"Chalet pareado en venta en CL ESTACIÓN, 20","Churriana-El Pizarrillo-La Noria-Guadalsol, Málaga",36.6678521,-4.5026877,85000,inProcess,"{'roomNumber': '2', 'bathNumber': '1', 'constructedArea': '55'}",2,1,,,,,,55,0,1,0
109,Chalet adosado en venta en calle ALBERTO PELÁEZ DOMÍNGUEZ,"Churriana-El Pizarrillo-La Noria-Guadalsol, Málaga",36.6674941,-4.4980792,298000,inProcess,"{'roomNumber': '4', 'bathNumber': '2', 'hasParking': '1', 'hasSwimmingPool': '1', 'constructedArea': '231'}",4,2,,,1,1,,231,0,0,1
110,"Piso en venta en calle Mercedes Formica, 12","Cortijo de Maza-Finca Monsalvez-El Olivar, Málaga",36.6598242,-4.5041845,291800,g,"{'roomNumber': '3', 'bathNumber': '2', 'hasLift': '1', 'hasParking': '1', 'hasGarden': '1', 'hasSwimmingPool': '1', 'hasTerrace': '1', 'constructedArea': '159'}",3,2,1,1,1,1,1,159,0,0,1
111,Piso en venta en calle Hespérides s/n,"Guadalmar, Málaga",36.6634751,-4.4611374,262181,e,"{'roomNumber': '2', 'bathNumber': '1', 'hasLift': '1', 'hasGarden': '1', 'hasSwimmingPool': '1', 'hasTerrace': '1', 'constructedArea': '102'}",2,1,1,1,,1,1,102,0,0,1
112,"Ático en venta en calle Bangladesh, 25","Churriana-El Pizarrillo-La Noria-Guadalsol, Málaga",36.67119,-4.5169,255900,unknown,"{'roomNumber': '2', 'bathNumber': '2', 'hasLift': '1', 'hasParking': '1', 'hasGarden': '0', 'hasSwimmingPool': '1', 'hasTerrace': '1', 'constructedArea': '149'}",2,2,0,1,1,1,1,149,1,0,0
113,"Piso en venta en calle Bangladesh, 25","Churriana-El Pizarrillo-La Noria-Guadalsol, Málaga",36.67119,-4.5169,265900,unknown,"{'roomNumber': '3', 'bathNumber': '2', 'hasLift': '1', 'hasParking': '1', 'hasGarden': '0', 'hasSwimmingPool': '1', 'hasTerrace': '1', 'constructedArea': '119'}",3,2,0,1,1,1,1,119,1,0,0
114,"Piso en venta en calle Bangladesh, 25","Churriana-El Pizarrillo-La Noria-Guadalsol, Málaga",36.67119,-4.5169,255900,unknown,"{'roomNumber': '3', 'bathNumber': '2', 'hasLift': '1', 'hasParking': '1', 'hasGarden': '0', 'hasSwimmingPool': '1', 'hasTerrace': '1', 'constructedArea': '165'}",3,2,0,1,1,1,1,165,1,0,0
115,"Piso en venta en calle Bangladesh, 25","Churriana-El Pizarrillo-La Noria-Guadalsol, Málaga",36.67119,-4.5169,265900,unknown,"{'roomNumber': '3', 'bathNumber': '2', 'hasLift': '1', 'hasParking': '1', 'hasGarden': '0', 'hasSwimmingPool': '1', 'hasTerrace': '1', 'constructedArea': '113'}",3,2,0,1,1,1,1,113,1,0,0
116,"Chalet adosado en venta en calle Avempace, 10","Cortijo de Maza-Finca Monsalvez-El Olivar, Málaga",36.6487253,-4.5018207,182100,g,"{'roomNumber': '2', 'bathNumber': '1', 'hasTerrace': '1', 'constructedArea': '83'}",2,1,,1,,,,83,0,0,1
117,"Piso en venta en calle Mercedes Formica, 12","Cortijo de Maza-Finca Monsalvez-El Olivar, Málaga",36.6598242,-4.5041845,291800,g,"{'roomNumber': '3', 'bathNumber': '2', 'hasLift': '1', 'hasParking': '1', 'hasGarden': '1', 'hasSwimmingPool': '1', 'hasTerrace': '1', 'constructedArea': '159'}",3,2,1,1,1,1,1,159,0,0,1
118,Chalet adosado en venta en calle Avempace,"Cortijo de Maza-Finca Monsalvez-El Olivar, Málaga",36.6499253,-4.5013207,182100,g,"{'roomNumber': '2', 'bathNumber': '1', 'hasGarden': '1', 'hasTerrace': '1', 'constructedArea': '83'}",2,1,1,1,,,,83,0,0,1
119,Chalet adosado en venta en calle Josefa Morales,"Churriana-El Pizarrillo-La Noria-Guadalsol, Málaga",36.6692556,-4.5108488,256500,g,"{'roomNumber': '4', 'bathNumber': '2', 'hasTerrace': '1', 'constructedArea': '153'}",4,2,,1,,,,153,0,0,1
120,Casa o chalet independiente en venta en calle Isabel Barreto,"Cortijo de Maza-Finca Monsalvez-El Olivar, Málaga",36.6591767,-4.502023,1148000,g,"{'roomNumber': '6', 'bathNumber': '6', 'hasParking': '1', 'hasGarden': '1', 'hasTerrace': '1', 'constructedArea': '650'}",6,6,1,1,1,,,650,0,0,1
121,"Casa o chalet independiente en venta en avenida Ricardo Gross, 12","Cortijo de Maza-Finca Monsalvez-El Olivar, Málaga",36.6530063,-4.4933191,750000,d,"{'roomNumber': '4', 'bathNumber': '3', 'hasParking': '1', 'hasGarden': '1', 'hasSwimmingPool': '1', 'hasTerrace': '1', 'constructedArea': '551'}",4,3,1,1,1,1,,551,0,0,1
122,"Chalet adosado en venta en calle Avempace, 10","Cortijo de Maza-Finca Monsalvez-El Olivar, Málaga",36.6487253,-4.5018207,182100,e,"{'roomNumber': '3', 'bathNumber': '1', 'hasParking': '1', 'hasTerrace': '1', 'constructedArea': '83'}",3,1,,1,1,,,83,0,0,1
123,"Casa o chalet independiente en venta en camino Carmen Cortijo De Maza, 15","Cortijo de Maza-Finca Monsalvez-El Olivar, Málaga",36.6489861,-4.502343,1089800,e,"{'roomNumber': '14', 'bathNumber': '7', 'hasParking': '1', 'hasGarden': '1', 'hasTerrace': '1', 'constructedArea': '1071'}",14,7,1,1,1,,,1071,0,1,0
124,"Piso en venta en calle Mercedes Formica, 12","Cortijo de Maza-Finca Monsalvez-El Olivar, Málaga",36.6598242,-4.5041845,297100,e,"{'roomNumber': '3', 'bathNumber': '2', 'hasLift': '1', 'hasParking': '1', 'hasGarden': '1', 'hasSwimmingPool': '1', 'hasTerrace': '1', 'constructedArea': '116'}",3,2,1,1,1,1,1,116,0,0,1
125,"Piso en venta en calle Mercedes Formica, 12","Cortijo de Maza-Finca Monsalvez-El Olivar, Málaga",36.6598242,-4.5041845,291800,e,"{'roomNumber': '3', 'bathNumber': '2', 'hasLift': '1', 'hasParking': '1', 'hasGarden': '1', 'hasSwimmingPool': '1', 'hasTerrace': '1', 'constructedArea': '118'}",3,2,1,1,1,1,1,118,0,0,1
126,"Piso en venta en calle Mercedes Formica, 12","Cortijo de Maza-Finca Monsalvez-El Olivar, Málaga",36.6598242,-4.5041845,297100,e,"{'roomNumber': '3', 'bathNumber': '2', 'hasLift': '1', 'hasParking': '1', 'hasGarden': '1', 'hasSwimmingPool': '1', 'hasTerrace': '1', 'constructedArea': '156'}",3,2,1,1,1,1,1,156,0,0,1
127,"Piso en venta en calle Hespérides, 17","Guadalmar, Málaga",36.6637115,-4.4612152,262181,e,"{'roomNumber': '1', 'bathNumber': '1', 'hasLift': '1', 'hasParking': '0', 'hasGarden': '1', 'hasSwimmingPool': '1', 'constructedArea': '108'}",1,1,1,,0,1,1,108,0,0,1
128,Casa o chalet independiente en venta en calle Isabel Barreto,"Cortijo de Maza-Finca Monsalvez-El Olivar, Málaga",36.6612712,-4.505055,1148000,f,"{'roomNumber': '5', 'bathNumber': '4', 'hasGarden': '1', 'constructedArea': '650'}",5,4,1,,,,,650,0,0,1
129,Chalet adosado en venta en calle Josefa Morales,"Churriana-El Pizarrillo-La Noria-Guadalsol, Málaga",36.6731556,-4.5081488,256500,g,"{'roomNumber': '4', 'bathNumber': '2', 'hasTerrace': '1', 'constructedArea': '153'}",4,2,,1,,,,153,0,0,1
130,"Piso en venta en calle La Gioconda, 32","Churriana-El Pizarrillo-La Noria-Guadalsol, Málaga",36.6657797,-4.5058803,252000,unknown,"{'roomNumber': '2', 'bathNumber': '2', 'hasLift': '1', 'hasParking': '1', 'hasGarden': '0', 'hasSwimmingPool': '1', 'hasTerrace': '1', 'constructedArea': '104'}",2,2,0,1,1,1,1,104,1,0,0
131,"Piso en venta en calle La Gioconda, 32","Churriana-El Pizarrillo-La Noria-Guadalsol, Málaga",36.6657797,-4.5058803,215000,unknown,"{'roomNumber': '2', 'bathNumber': '2', 'hasLift': '1', 'hasParking': '1', 'hasGarden': '0', 'hasSwimmingPool': '1', 'hasTerrace': '1', 'constructedArea': '84'}",2,2,0,1,1,1,1,84,1,0,0
132,"Piso en venta en calle La Gioconda, 32","Churriana-El Pizarrillo-La Noria-Guadalsol, Málaga",36.6657797,-4.5058803,225000,unknown,"{'roomNumber': '2', 'bathNumber': '2', 'hasLift': '1', 'hasParking': '1', 'hasGarden': '0', 'hasSwimmingPool': '1', 'hasTerrace': '1', 'constructedArea': '82'}",2,2,0,1,1,1,1,82,1,0,0
133,"Piso en venta en calle La Gioconda, 32","Churriana-El Pizarrillo-La Noria-Guadalsol, Málaga",36.6657797,-4.5058803,275000,unknown,"{'roomNumber': '3', 'bathNumber': '2', 'hasLift': '1', 'hasParking': '1', 'hasGarden': '0', 'hasSwimmingPool': '1', 'hasTerrace': '1', 'constructedArea': '107'}",3,2,0,1,1,1,1,107,1,0,0
134,"Ático en venta en calle La Gioconda, 32","Churriana-El Pizarrillo-La Noria-Guadalsol, Málaga",36.6657797,-4.5058803,358000,unknown,"{'roomNumber': '3', 'bathNumber': '2', 'hasLift': '1', 'hasParking': '1', 'hasGarden': '0', 'hasSwimmingPool': '1', 'hasTerrace': '1', 'constructedArea': '111'}",3,2,0,1,1,1,1,111,1,0,0
135,Casa o chalet en venta en Churriana-El Pizarrillo-La Noria-Guadalsol,"Churriana, Málaga",36.66474,-4.50572,1300000,inProcess,"{'roomNumber': '5', 'bathNumber': '6', 'hasParking': '1', 'hasGarden': '1', 'hasSwimmingPool': '1', 'hasTerrace': '1', 'constructedArea': '659'}",5,6,1,1,1,1,,659,0,0,1
136,Chalet adosado en venta en avenida de China s/n,"Churriana-El Pizarrillo-La Noria-Guadalsol, Málaga",36.6719544,-4.5160087,355000,unknown,"{'roomNumber': '4', 'bathNumber': '3', 'hasParking': '1', 'hasGarden': '1', 'hasSwimmingPool': '1', 'hasTerrace': '1', 'constructedArea': '250'}",4,3,1,1,1,1,,250,1,0,0
137,Chalet adosado en venta en avenida de China s/n,"Churriana-El Pizarrillo-La Noria-Guadalsol, Málaga",36.6719544,-4.5160087,335000,unknown,"{'roomNumber': '4', 'bathNumber': '3', 'hasParking': '1', 'hasGarden': '1', 'hasSwimmingPool': '1', 'hasTerrace': '1', 'constructedArea': '235'}",4,3,1,1,1,1,,235,1,0,0
138,Chalet adosado en venta en avenida de China s/n,"Churriana-El Pizarrillo-La Noria-Guadalsol, Málaga",36.6719544,-4.5160087,345000,unknown,"{'roomNumber': '4', 'bathNumber': '3', 'hasParking': '1', 'hasGarden': '1', 'hasSwimmingPool': '1', 'hasTerrace': '1', 'constructedArea': '235'}",4,3,1,1,1,1,,235,1,0,0
139,Chalet adosado en venta en avenida de China s/n,"Churriana-El Pizarrillo-La Noria-Guadalsol, Málaga",36.6719544,-4.5160087,362000,unknown,"{'roomNumber': '4', 'bathNumber': '3', 'hasParking': '1', 'hasGarden': '1', 'hasSwimmingPool': '1', 'hasTerrace': '1', 'constructedArea': '250'}",4,3,1,1,1,1,,250,1,0,0
140,"Ático en venta en calle Bangladesh, 25","Churriana-El Pizarrillo-La Noria-Guadalsol, Málaga",36.67119,-4.5169,375900,unknown,"{'roomNumber': '4', 'bathNumber': '2', 'hasLift': '1', 'hasParking': '1', 'hasGarden': '0', 'hasSwimmingPool': '1', 'hasTerrace': '1', 'constructedArea': '248'}",4,2,0,1,1,1,1,248,1,0,0
141,Piso en venta en Hesperides,"Guadalmar, Málaga",36.6639614,-4.4614042,299000,inProcess,"{'roomNumber': '3', 'bathNumber': '2', 'hasLift': '1', 'hasParking': '1', 'hasGarden': '1', 'hasSwimmingPool': '1', 'hasTerrace': '1', 'constructedArea': '95'}",3,2,1,1,1,1,1,95,0,0,1
142,"Ático en venta en calle Decano López Arjona, 33","Churriana-El Pizarrillo-La Noria-Guadalsol, Málaga",36.6732957,-4.5112724,189500,unknown,"{'roomNumber': '2', 'bathNumber': '1', 'hasLift': '0', 'hasParking': '0', 'hasGarden': '0', 'hasSwimmingPool': '0', 'hasTerrace': '1', 'constructedArea': '150'}",2,1,0,1,0,0,0,150,1,0,0
143,Casa o chalet en venta en Churriana-El Pizarrillo-La Noria-Guadalsol,"Churriana, Málaga",36.6632593,-4.5028602,264500,inProcess,"{'roomNumber': '3', 'bathNumber': '3', 'hasParking': '1', 'hasGarden': '0', 'hasSwimmingPool': '0', 'constructedArea': '200'}",3,3,0,,1,0,,200,0,0,1
144,"Piso en venta en calle La Gioconda, 32","Churriana-El Pizarrillo-La Noria-Guadalsol, Málaga",36.6657797,-4.5058803,257000,unknown,"{'roomNumber': '3', 'bathNumber': '2', 'hasLift': '1', 'hasParking': '1', 'hasGarden': '0', 'hasSwimmingPool': '1', 'hasTerrace': '1', 'constructedArea': '103'}",3,2,0,1,1,1,1,103,1,0,0
145,"Piso en venta en calle La Gioconda, 32","Churriana-El Pizarrillo-La Noria-Guadalsol, Málaga",36.6657797,-4.5058803,258000,unknown,"{'roomNumber': '2', 'bathNumber': '2', 'hasLift': '1', 'hasParking': '1', 'hasGarden': '0', 'hasSwimmingPool': '1', 'hasTerrace': '1', 'constructedArea': '83'}",2,2,0,1,1,1,1,83,1,0,0
146,"Piso en venta en calle La Gioconda, 32","Churriana-El Pizarrillo-La Noria-Guadalsol, Málaga",36.6657797,-4.5058803,293000,unknown,"{'roomNumber': '3', 'bathNumber': '2', 'hasLift': '1', 'hasParking': '1', 'hasGarden': '0', 'hasSwimmingPool': '1', 'hasTerrace': '1', 'constructedArea': '101'}",3,2,0,1,1,1,1,101,1,0,0
147,"Ático en venta en calle La Gioconda, 32","Churriana-El Pizarrillo-La Noria-Guadalsol, Málaga",36.6657797,-4.5058803,389000,unknown,"{'roomNumber': '4', 'bathNumber': '2', 'hasLift': '1', 'hasParking': '1', 'hasGarden': '0', 'hasSwimmingPool': '1', 'hasTerrace': '1', 'constructedArea': '118'}",4,2,0,1,1,1,1,118,1,0,0
148,"Ático en venta en calle La Gioconda, 32","Churriana-El Pizarrillo-La Noria-Guadalsol, Málaga",36.6657797,-4.5058803,344000,unknown,"{'roomNumber': '3', 'bathNumber': '2', 'hasLift': '1', 'hasParking': '1', 'hasGarden': '0', 'hasSwimmingPool': '1', 'hasTerrace': '1', 'constructedArea': '105'}",3,2,0,1,1,1,1,105,1,0,0
149,"Piso en venta en calle La Gioconda, 32","Churriana-El Pizarrillo-La Noria-Guadalsol, Málaga",36.6657797,-4.5058803,318000,unknown,"{'roomNumber': '3', 'bathNumber': '2', 'hasLift': '1', 'hasParking': '1', 'hasGarden': '1', 'hasSwimmingPool': '1', 'hasTerrace': '0', 'constructedArea': '104'}",3,2,1,0,1,1,1,104,1,0,0
150,"Casa o chalet independiente en venta en avenida Marquesa Casa Loring, 7","Cortijo de Maza-Finca Monsalvez-El Olivar, Málaga",36.6508438,-4.4906787,790000,e,"{'roomNumber': '5', 'bathNumber': '3', 'hasParking': '1', 'hasGarden': '1', 'hasSwimmingPool': '1', 'hasTerrace': '1', 'constructedArea': '552'}",5,3,1,1,1,1,,552,0,1,0
151,"Piso en venta en calle Miami, 7","La Carihuela - Los Nidos, Torremolinos",36.6107298,-4.5038413,175000,a,"{'roomNumber': '1', 'bathNumber': '1', 'hasLift': '1', 'hasParking': '1', 'hasGarden': '1', 'hasSwimmingPool': '1', 'hasTerrace': '1', 'constructedArea': '50'}",1,1,1,1,1,1,1,50,0,0,1
152,"Casa o chalet independiente en venta en Urb. EL OLIVAR, Cortijo de Maza-Finca Monsalvez-El Olivar","Churriana, Málaga",36.6549146,-4.4916536,1990000,c,"{'roomNumber': '11', 'bathNumber': '7', 'hasParking': '1', 'hasGarden': '1', 'hasSwimmingPool': '1', 'hasTerrace': '1', 'constructedArea': '1028'}",11,7,1,1,1,1,,1028,0,0,1
153,"Casa o chalet independiente en venta en Urb. El Olivar, Cortijo de Maza-Finca Monsalvez-El Olivar","Churriana, Málaga",36.6563299,-4.4900142,1210000,d,"{'roomNumber': '5', 'bathNumber': '5', 'hasParking': '1', 'hasGarden': '1', 'hasSwimmingPool': '1', 'hasTerrace': '1', 'constructedArea': '659'}",5,5,1,1,1,1,,659,0,0,1
154,Piso en venta en calle Nepal,"Churriana-El Pizarrillo-La Noria-Guadalsol, Málaga",36.6689494,-4.5176987,334000,c,"{'roomNumber': '2', 'bathNumber': '2', 'hasLift': '1', 'hasParking': '1', 'hasGarden': '1', 'hasSwimmingPool': '1', 'hasTerrace': '1', 'constructedArea': '143'}",2,2,1,1,1,1,1,143,0,0,1
155,Chalet pareado en venta en calle Diputado Ignacio Huelin,"Cortijo de Maza-Finca Monsalvez-El Olivar, Málaga",36.6546359,-4.4973702,445000,d,"{'roomNumber': '4', 'bathNumber': '3', 'hasParking': '1', 'hasGarden': '1', 'hasTerrace': '1', 'constructedArea': '300'}",4,3,1,1,1,,,300,0,0,1
156,Casa o chalet independiente en venta en calle Decano Juan Antonio Rando,"Churriana-El Pizarrillo-La Noria-Guadalsol, Málaga",36.668864,-4.4762231,215000,e,"{'roomNumber': '3', 'bathNumber': '1', 'hasParking': '1', 'constructedArea': '171'}",3,1,,,1,,,171,0,0,1
157,"Ático en venta en calle Bangladesh, 25","Churriana-El Pizarrillo-La Noria-Guadalsol, Málaga",36.67119,-4.5169,375900,unknown,"{'roomNumber': '4', 'bathNumber': '2', 'hasLift': '1', 'hasParking': '1', 'hasGarden': '1', 'hasSwimmingPool': '1', 'hasTerrace': '1', 'constructedArea': '236'}",4,2,1,1,1,1,1,236,1,0,0
158,"Piso en venta en calle Bangladesh, 25","Churriana-El Pizarrillo-La Noria-Guadalsol, Málaga",36.67119,-4.5169,279900,unknown,"{'roomNumber': '3', 'bathNumber': '2', 'hasLift': '1', 'hasParking': '1', 'hasGarden': '0', 'hasSwimmingPool': '1', 'hasTerrace': '1', 'constructedArea': '118'}",3,2,0,1,1,1,1,118,1,0,0
159,"Chalet adosado en venta en calle Indonesia , 39","Churriana-El Pizarrillo-La Noria-Guadalsol, Málaga",36.6719099,-4.51791,299900,unknown,"{'roomNumber': '3', 'bathNumber': '3', 'hasParking': '1', 'hasGarden': '1', 'hasSwimmingPool': '1', 'hasTerrace': '0', 'constructedArea': '139'}",3,3,1,0,1,1,,139,1,0,0
160,"Piso en venta en calle Bangladesh, 25","Churriana-El Pizarrillo-La Noria-Guadalsol, Málaga",36.67119,-4.5169,249900,unknown,"{'roomNumber': '3', 'bathNumber': '2', 'hasLift': '1', 'hasParking': '1', 'hasGarden': '0', 'hasSwimmingPool': '1', 'hasTerrace': '1', 'constructedArea': '117'}",3,2,0,1,1,1,1,117,1,0,0
161,Ático en venta en calle Madre Asunción Soler s/n,"Cortijo de Maza-Finca Monsalvez-El Olivar, Málaga",36.660194,-4.49976,385000,b,"{'roomNumber': '3', 'bathNumber': '2', 'hasLift': '1', 'hasParking': '1', 'hasGarden': '0', 'hasSwimmingPool': '1', 'hasTerrace': '1', 'constructedArea': '116'}",3,2,0,1,1,1,1,116,1,0,0
162,"Piso en venta en calle Churriana de la vega esqueino calle malaga, 1","Zona de San Cayetano, Churriana de la Vega",37.1450549,-3.6416323,172670,unknown,"{'roomNumber': '3', 'bathNumber': '2', 'hasLift': '1', 'hasParking': '1', 'hasGarden': '0', 'hasSwimmingPool': '1', 'hasTerrace': '1', 'constructedArea': '125'}",3,2,0,1,1,1,1,125,1,0,0
163,"Piso en venta en calle Churriana de la vega esqueino calle malaga, 1","Zona de San Cayetano, Churriana de la Vega",37.1450549,-3.6416323,165877,unknown,"{'roomNumber': '3', 'bathNumber': '2', 'hasLift': '1', 'hasParking': '1', 'hasGarden': '0', 'hasSwimmingPool': '1', 'hasTerrace': '1', 'constructedArea': '111'}",3,2,0,1,1,1,1,111,1,0,0
164,"Piso en venta en calle Churriana de la vega esqueino calle malaga, 1","Zona de San Cayetano, Churriana de la Vega",37.1450549,-3.6416323,170297,unknown,"{'roomNumber': '3', 'bathNumber': '2', 'hasLift': '1', 'hasParking': '1', 'hasGarden': '0', 'hasSwimmingPool': '1', 'hasTerrace': '1', 'constructedArea': '112'}",3,2,0,1,1,1,1,112,1,0,0
165,Piso en venta en calle Hespérides,"Guadalmar, Málaga",36.6620393,-4.460432,262181,f,"{'roomNumber': '2', 'bathNumber': '1', 'hasLift': '1', 'hasGarden': '1', 'hasSwimmingPool': '1', 'constructedArea': '102'}",2,1,1,,,1,1,102,0,0,1
166,"Piso en venta en calle Churriana de la vega esqueino calle malaga, 1","Zona de San Cayetano, Churriana de la Vega",37.1450549,-3.6416323,159320,unknown,"{'roomNumber': '3', 'bathNumber': '2', 'hasLift': '1', 'hasParking': '1', 'hasGarden': '1', 'hasSwimmingPool': '1', 'hasTerrace': '0', 'constructedArea': '119'}",3,2,1,0,1,1,1,119,1,0,0
167,"Piso en venta en calle Churriana de la vega esqueino calle malaga, 1","Zona de San Cayetano, Churriana de la Vega",37.1450549,-3.6416323,165787,unknown,"{'roomNumber': '3', 'bathNumber': '2', 'hasLift': '1', 'hasParking': '1', 'hasGarden': '1', 'hasSwimmingPool': '1', 'hasTerrace': '0', 'constructedArea': '125'}",3,2,1,0,1,1,1,125,1,0,0
168,"Piso en venta en calle Churriana de la vega esqueino calle malaga, 1","Zona de San Cayetano, Churriana de la Vega",37.1450549,-3.6416323,176746,unknown,"{'roomNumber': '3', 'bathNumber': '2', 'hasLift': '1', 'hasParking': '1', 'hasGarden': '1', 'hasSwimmingPool': '1', 'hasTerrace': '0', 'constructedArea': '116'}",3,2,1,0,1,1,1,116,1,0,0
169,"Piso en venta en calle Churriana de la vega esqueino calle malaga, 1","Zona de San Cayetano, Churriana de la Vega",37.1450549,-3.6416323,188400,unknown,"{'roomNumber': '3', 'bathNumber': '2', 'hasLift': '1', 'hasParking': '1', 'hasGarden': '0', 'hasSwimmingPool': '1', 'hasTerrace': '1', 'constructedArea': '130'}",3,2,0,1,1,1,1,130,1,0,0
170,"Piso en venta en calle Churriana de la vega esqueino calle malaga, 1","Zona de San Cayetano, Churriana de la Vega",37.1450549,-3.6416323,175599,unknown,"{'roomNumber': '3', 'bathNumber': '2', 'hasLift': '1', 'hasParking': '1', 'hasGarden': '0', 'hasSwimmingPool': '1', 'hasTerrace': '1', 'constructedArea': '118'}",3,2,0,1,1,1,1,118,1,0,0
171,Casa o chalet independiente en venta en calle Dinamarca,"Cortijo de Maza-Finca Monsalvez-El Olivar, Málaga",36.6457453,-4.5016944,1800000,d,"{'roomNumber': '5', 'bathNumber': '5', 'hasParking': '1', 'hasGarden': '1', 'hasSwimmingPool': '1', 'hasTerrace': '1', 'constructedArea': '1004'}",5,5,1,1,1,1,,1004,0,0,1
172,"Casa o chalet independiente en venta en carretera de Coin, 108","Churriana-El Pizarrillo-La Noria-Guadalsol, Málaga",36.6617978,-4.5131005,422500,e,"{'roomNumber': '6', 'bathNumber': '4', 'hasParking': '1', 'hasGarden': '1', 'hasSwimmingPool': '1', 'hasTerrace': '1', 'constructedArea': '296'}",6,4,1,1,1,1,,296,0,0,1
173,Casa o chalet independiente en venta en avenida Marquesa Casa Loring,"Cortijo de Maza-Finca Monsalvez-El Olivar, Málaga",36.6532991,-4.48858,799900,d,"{'roomNumber': '6', 'bathNumber': '4', 'hasParking': '1', 'hasGarden': '1', 'hasSwimmingPool': '1', 'hasTerrace': '1', 'constructedArea': '380'}",6,4,1,1,1,1,,380,0,0,1
174,Piso en venta en calle Mercedes Formica,"Cortijo de Maza-Finca Monsalvez-El Olivar, Málaga",36.661331,-4.5033686,291800,inProcess,"{'roomNumber': '3', 'bathNumber': '2', 'hasLift': '1', 'hasParking': '1', 'hasGarden': '1', 'hasSwimmingPool': '1', 'hasTerrace': '1', 'constructedArea': '118'}",3,2,1,1,1,1,1,118,0,0,1
175,Piso en venta en calle Mercedes Formica,"Cortijo de Maza-Finca Monsalvez-El Olivar, Málaga",36.659031,-4.5043686,297100,inProcess,"{'roomNumber': '3', 'bathNumber': '2', 'hasParking': '1', 'hasGarden': '1', 'hasSwimmingPool': '1', 'hasTerrace': '1', 'constructedArea': '116'}",3,2,1,1,1,1,,116,0,0,1
176,Casa o chalet independiente en venta en calle Manuel Curros Enríquez,"Guadalmar, Málaga",36.6667599,-4.4617824,698000,e,"{'roomNumber': '6', 'bathNumber': '3', 'hasParking': '1', 'hasGarden': '1', 'hasSwimmingPool': '1', 'hasTerrace': '1', 'constructedArea': '351'}",6,3,1,1,1,1,,351,0,0,1
177,Piso en venta en calle Madre Asunción Soler s/n,"Cortijo de Maza-Finca Monsalvez-El Olivar, Málaga",36.660194,-4.49976,315000,b,"{'roomNumber': '3', 'bathNumber': '2', 'hasLift': '1', 'hasParking': '1', 'hasGarden': '0', 'hasSwimmingPool': '1', 'hasTerrace': '1', 'constructedArea': '109'}",3,2,0,1,1,1,1,109,1,0,0
178,Piso en venta en calle Madre Asunción Soler s/n,"Cortijo de Maza-Finca Monsalvez-El Olivar, Málaga",36.660194,-4.49976,278000,b,"{'roomNumber': '2', 'bathNumber': '2', 'hasLift': '1', 'hasParking': '1', 'hasGarden': '0', 'hasSwimmingPool': '1', 'hasTerrace': '1', 'constructedArea': '94'}",2,2,0,1,1,1,1,94,1,0,0
179,Piso en venta en calle Madre Asunción Soler s/n,"Cortijo de Maza-Finca Monsalvez-El Olivar, Málaga",36.660194,-4.49976,319000,b,"{'roomNumber': '3', 'bathNumber': '2', 'hasLift': '1', 'hasParking': '1', 'hasGarden': '0', 'hasSwimmingPool': '1', 'hasTerrace': '1', 'constructedArea': '109'}",3,2,0,1,1,1,1,109,1,0,0
180,"Piso en venta en calle Mercedes Formica, 12","Cortijo de Maza-Finca Monsalvez-El Olivar, Málaga",36.6598242,-4.5041845,291800,e,"{'roomNumber': '3', 'bathNumber': '2', 'hasLift': '1', 'hasParking': '1', 'hasGarden': '1', 'hasSwimmingPool': '1', 'hasTerrace': '1', 'constructedArea': '118'}",3,2,1,1,1,1,1,118,0,0,1
181,"Chalet adosado en venta en calle Josefa Morales, 39","Churriana-El Pizarrillo-La Noria-Guadalsol, Málaga",36.6712418,-4.5089442,256500,e,"{'roomNumber': '3', 'bathNumber': '1', 'hasParking': '0', 'hasTerrace': '1', 'constructedArea': '179'}",3,1,,1,0,,,179,0,0,1
182,Chalet adosado en venta en calle Malasia,"Churriana-El Pizarrillo-La Noria-Guadalsol, Málaga",36.6698723,-4.5194574,320000,b,"{'roomNumber': '3', 'bathNumber': '3', 'hasParking': '1', 'hasGarden': '1', 'hasSwimmingPool': '1', 'hasTerrace': '1', 'constructedArea': '140'}",3,3,1,1,1,1,,140,0,0,1
183,Chalet adosado en venta en calle Isabel Barreto,"Cortijo de Maza-Finca Monsalvez-El Olivar, Málaga",36.6617583,-4.5044688,595000,e,"{'roomNumber': '4', 'bathNumber': '3', 'hasParking': '1', 'hasGarden': '1', 'hasSwimmingPool': '0', 'hasTerrace': '1', 'constructedArea': '226'}",4,3,1,1,1,0,,226,0,0,1
184,"Casa o chalet independiente en venta en calle Uganda, 45","Churriana-El Pizarrillo-La Noria-Guadalsol, Málaga",36.6646899,-4.5194822,640000,unknown,"{'roomNumber': '4', 'bathNumber': '2', 'hasParking': '1', 'hasGarden': '1', 'hasSwimmingPool': '1', 'hasTerrace': '1', 'constructedArea': '310'}",4,2,1,1,1,1,,310,0,0,1
185,Dúplex en venta en calle Tanzania,"Churriana-El Pizarrillo-La Noria-Guadalsol, Málaga",36.6611372,-4.5199706,367500,inProcess,"{'roomNumber': '3', 'bathNumber': '2', 'hasLift': '0', 'hasParking': '1', 'hasGarden': '1', 'hasSwimmingPool': '1', 'hasTerrace': '1', 'constructedArea': '123'}",3,2,1,1,1,1,0,123,0,0,1
186,Chalet adosado en venta en calle ESCRITOR BÉJAR ZAMBRANA,"Churriana-El Pizarrillo-La Noria-Guadalsol, Málaga",36.6625221,-4.4978917,360000,inProcess,"{'roomNumber': '4', 'bathNumber': '3', 'hasParking': '1', 'hasSwimmingPool': '1', 'hasTerrace': '1', 'constructedArea': '202'}",4,3,,1,1,1,,202,0,0,1
